[
    {"firstname":"Delano","lastname":"Bee","email":"dbee0@smh.com.au","gender":"Female","city":"Toronto","designation":"Senior Quality Engineer","salary":7945.63},
    {"firstname":"Kippy","lastname":"MacDiarmid","email":"kmacdiarmid1@domainmarket.com","gender":"Male","city":"Alenquer","designation":"Clinical Specialist","salary":5380.04},
    {"firstname":"Genovera","lastname":"McArley","email":"gmcarley2@elpais.com","gender":"Female","city":"Zhangcaizhuang","designation":"Civil Engineer","salary":2785.80},
    {"firstname":"Bette","lastname":"Elston","email":"belston4@altervista.org","gender":"Female","city":"Xinhang","designation":"Staff Accountant III","salary":3086.99},
    {"firstname":"Keriann","lastname":"Qualtro","email":"kqualtro3@mediafire.com","gender":"Female","city":"Ulricehamn","designation":"Nurse Practicioner","salary":9288.95},
    {"firstname":"Editha","lastname":"Feasby","email":"efeasby5@ovh.net","gender":"Female","city":"San Francisco","designation":"Mechanical Systems Engineer","salary":1563.63},
    {"firstname":"Letizia","lastname":"Walrond","email":"lwalrond6@ibm.com","gender":"Male","city":"Ricardo Flores Magon","designation":"Research Associate","salary":6329.05},
    {"firstname":"Molly","lastname":"MacTrustrie","email":"mmactrustrie7@adobe.com","gender":"Female","city":"Banjarejo","designation":"Quality Control Specialist","salary":4059.61},
    {"firstname":"Cecilla","lastname":"Pentycross","email":"cpentycross8@arizona.edu","gender":"Female","city":"Storozhynets’","designation":"Occupational Therapist","salary":644.19},
    {"firstname":"Gretchen","lastname":"Hicks","email":"ghicks9@sohu.com","gender":"Male","city":"Al Qurayshīyah","designation":"Software Test Engineer II","salary":3558.95},
    {"firstname":"Daile","lastname":"Redfield","email":"dredfielda@time.com","gender":"Female","city":"Cisitu","designation":"Sales Associate","salary":3202.45},
    {"firstname":"Camilla","lastname":"Royse","email":"croyseb@miibeian.gov.cn","gender":"Female","city":"Mellieħa","designation":"Community Outreach Specialist","salary":4796.89},
    {"firstname":"Kermie","lastname":"Rugg","email":"kruggc@artisteer.com","gender":"Female","city":"Tân Trụ","designation":"Mechanical Systems Engineer","salary":8949.60},
    {"firstname":"Kaylyn","lastname":"Terzi","email":"kterzid@ibm.com","gender":"Male","city":"Chư Prông","designation":"Budget/Accounting Analyst II","salary":5997.81},
    {"firstname":"Aura","lastname":"Seawell","email":"aseawelle@wired.com","gender":"Female","city":"Gambut","designation":"Speech Pathologist","salary":9567.04},
    {"firstname":"Doralynne","lastname":"Warner","email":"dwarnerf@instagram.com","gender":"Male","city":"Sadar Bazar","designation":"Safety Technician II","salary":232.96},
    {"firstname":"Ulrika","lastname":"Weth","email":"uwethg@google.nl","gender":"Male","city":"Akademgorodok","designation":"Technical Writer","salary":405.93},
    {"firstname":"Mackenzie","lastname":"Sambals","email":"msambalsh@pinterest.com","gender":"Male","city":"Al Qadmūs","designation":"Web Designer IV","salary":56.54},
    {"firstname":"Roderic","lastname":"Jezzard","email":"rjezzardi@mapy.cz","gender":"Female","city":"Daruoyan","designation":"Budget/Accounting Analyst III","salary":3441.97},
    {"firstname":"Marco","lastname":"Dupoy","email":"mdupoyj@amazon.co.uk","gender":"Female","city":"Maoping","designation":"Engineer I","salary":674.73},
    {"firstname":"Adolphus","lastname":"Redmille","email":"aredmillek@flavors.me","gender":"Female","city":"Gimcheon","designation":"Sales Associate","salary":9544.66},
    {"firstname":"Keenan","lastname":"Norewood","email":"knorewoodl@abc.net.au","gender":"Male","city":"Massakory","designation":"Research Nurse","salary":6806.43},
    {"firstname":"Norean","lastname":"McKennan","email":"nmckennanm@marriott.com","gender":"Male","city":"Far‘ūn","designation":"Staff Scientist","salary":5292.16},
    {"firstname":"Kakalina","lastname":"Grindrod","email":"kgrindrodn@prlog.org","gender":"Female","city":"Skuratovskiy","designation":"Design Engineer","salary":1872.67},
    {"firstname":"Lebbie","lastname":"Hessenthaler","email":"lhessenthalero@webeden.co.uk","gender":"Female","city":"Naga","designation":"Executive Secretary","salary":9129.04},
    {"firstname":"Gerome","lastname":"Bidder","email":"gbidderp@scientificamerican.com","gender":"Female","city":"Jiamachi","designation":"Assistant Professor","salary":6035.23},
    {"firstname":"Judah","lastname":"McCreadie","email":"jmccreadieq@soundcloud.com","gender":"Female","city":"Yuantan","designation":"Media Manager I","salary":1950.95},
    {"firstname":"Renaldo","lastname":"Arton","email":"rartonr@patch.com","gender":"Male","city":"La Roxas","designation":"Data Coordiator","salary":6760.64},
    {"firstname":"Flo","lastname":"Cocklin","email":"fcocklins@constantcontact.com","gender":"Male","city":"Marādah","designation":"Account Executive","salary":6959.54},
    {"firstname":"Milly","lastname":"Truett","email":"mtruettt@xing.com","gender":"Male","city":"Ledok","designation":"Director of Sales","salary":6644.27},
    {"firstname":"Paule","lastname":"Mellish","email":"pmellishu@dropbox.com","gender":"Female","city":"Jiangchang","designation":"Recruiter","salary":5933.58},
    {"firstname":"Bidget","lastname":"Portman","email":"bportmanv@flavors.me","gender":"Female","city":"Salimbao","designation":"Legal Assistant","salary":3242.94},
    {"firstname":"Diandra","lastname":"Bladen","email":"dbladenw@amazon.de","gender":"Female","city":"Shar’ya","designation":"Engineer II","salary":3054.37},
    {"firstname":"Cristy","lastname":"Paddemore","email":"cpaddemorex@msu.edu","gender":"Female","city":"Eindhoven","designation":"Product Engineer","salary":2028.06},
    {"firstname":"Giselbert","lastname":"Boreham","email":"gborehamy@bbb.org","gender":"Female","city":"Mulanay","designation":"VP Sales","salary":6319.22},
    {"firstname":"Glen","lastname":"Stemson","email":"gstemsonz@theglobeandmail.com","gender":"Male","city":"Panineungan","designation":"Executive Secretary","salary":8683.09},
    {"firstname":"Tyson","lastname":"Murtell","email":"tmurtell10@google.ca","gender":"Female","city":"Mufumbwe","designation":"Structural Engineer","salary":7895.47},
    {"firstname":"Wildon","lastname":"Chamberlin","email":"wchamberlin11@umn.edu","gender":"Female","city":"Vaudreuil-Dorion","designation":"Office Assistant I","salary":44.23},
    {"firstname":"Rheba","lastname":"Bernardt","email":"rbernardt12@icio.us","gender":"Female","city":"Kitamilo","designation":"Project Manager","salary":6973.80},
    {"firstname":"Terrell","lastname":"Sterman","email":"tsterman13@ebay.com","gender":"Male","city":"Depok","designation":"Office Assistant III","salary":5156.76},
    {"firstname":"Desirae","lastname":"Sonner","email":"dsonner14@sfgate.com","gender":"Female","city":"Kenscoff","designation":"Analog Circuit Design manager","salary":8100.08},
    {"firstname":"Correna","lastname":"Gamblin","email":"cgamblin15@skype.com","gender":"Male","city":"Talnakh","designation":"Civil Engineer","salary":9880.78},
    {"firstname":"Tallou","lastname":"Seathwright","email":"tseathwright16@apple.com","gender":"Male","city":"Zarqa","designation":"Help Desk Technician","salary":7292.36},
    {"firstname":"Albrecht","lastname":"Sherston","email":"asherston17@oaic.gov.au","gender":"Female","city":"Uddiawan","designation":"Budget/Accounting Analyst III","salary":300.69},
    {"firstname":"Jeannie","lastname":"Blackaller","email":"jblackaller18@epa.gov","gender":"Male","city":"Lebak Timur","designation":"VP Accounting","salary":5766.53},
    {"firstname":"Anjela","lastname":"Cluely","email":"acluely19@friendfeed.com","gender":"Male","city":"Ilioúpoli","designation":"Tax Accountant","salary":4693.45},
    {"firstname":"Lawton","lastname":"Kay","email":"lkay1a@dagondesign.com","gender":"Male","city":"Saint-Pierre","designation":"Design Engineer","salary":6723.50},
    {"firstname":"Luke","lastname":"Cardinal","email":"lcardinal1b@prweb.com","gender":"Female","city":"Bual","designation":"Senior Editor","salary":4086.35},
    {"firstname":"Filip","lastname":"Haldenby","email":"fhaldenby1c@noaa.gov","gender":"Female","city":"Batouri","designation":"Senior Developer","salary":2025.17},
    {"firstname":"Abbie","lastname":"Gidden","email":"agidden1d@indiegogo.com","gender":"Male","city":"Las Sabanas","designation":"Environmental Tech","salary":9509.85},
    {"firstname":"Craig","lastname":"Water","email":"cwater1e@soup.io","gender":"Male","city":"Xiaochi","designation":"Account Coordinator","salary":8300.27},
    {"firstname":"Lotty","lastname":"Mardlin","email":"lmardlin1f@chronoengine.com","gender":"Male","city":"Micoud","designation":"Data Coordiator","salary":9838.82},
    {"firstname":"Frants","lastname":"Wakeley","email":"fwakeley1g@meetup.com","gender":"Female","city":"Maodian","designation":"Project Manager","salary":8986.50},
    {"firstname":"Thorin","lastname":"Ewert","email":"tewert1h@paypal.com","gender":"Female","city":"Gaocun","designation":"Human Resources Assistant II","salary":3051.50},
    {"firstname":"Peggie","lastname":"Kalkofer","email":"pkalkofer1i@mac.com","gender":"Male","city":"Stěžery","designation":"Staff Scientist","salary":6377.69},
    {"firstname":"Daniele","lastname":"Waszkiewicz","email":"dwaszkiewicz1j@gnu.org","gender":"Female","city":"Tangzang","designation":"Sales Associate","salary":6847.25},
    {"firstname":"Meghan","lastname":"Ray","email":"mray1k@hibu.com","gender":"Female","city":"Oliveira","designation":"Data Coordiator","salary":9278.30},
    {"firstname":"Antonie","lastname":"Dibling","email":"adibling1l@jimdo.com","gender":"Male","city":"Chonghe","designation":"Cost Accountant","salary":8760.23},
    {"firstname":"Vin","lastname":"Curm","email":"vcurm1m@sciencedirect.com","gender":"Male","city":"Orly","designation":"Business Systems Development Analyst","salary":8776.44},
    {"firstname":"Marlo","lastname":"Claeskens","email":"mclaeskens1n@fda.gov","gender":"Female","city":"Fundación","designation":"Nurse Practicioner","salary":7709.92},
    {"firstname":"Alexandre","lastname":"Veare","email":"aveare1o@prnewswire.com","gender":"Female","city":"Leticia","designation":"Environmental Tech","salary":5612.32},
    {"firstname":"Lois","lastname":"Teal","email":"lteal1p@myspace.com","gender":"Female","city":"Sanquan","designation":"Staff Accountant IV","salary":3821.67},
    {"firstname":"Kathrine","lastname":"Cantero","email":"kcantero1q@jalbum.net","gender":"Female","city":"Miryang","designation":"Business Systems Development Analyst","salary":5914.47},
    {"firstname":"Wylie","lastname":"Godmar","email":"wgodmar1r@surveymonkey.com","gender":"Male","city":"Temenggungan","designation":"Senior Editor","salary":59.70},
    {"firstname":"Melania","lastname":"Fulstow","email":"mfulstow1s@jugem.jp","gender":"Male","city":"Indralayang","designation":"Marketing Assistant","salary":4381.94},
    {"firstname":"Biddy","lastname":"Larrett","email":"blarrett1t@sina.com.cn","gender":"Female","city":"Kamenka","designation":"Speech Pathologist","salary":9217.36},
    {"firstname":"Andeee","lastname":"Dundin","email":"adundin1u@walmart.com","gender":"Male","city":"Ajuy","designation":"Senior Developer","salary":5966.81},
    {"firstname":"Cristal","lastname":"Houndsom","email":"choundsom1v@jigsy.com","gender":"Female","city":"Ikšķile","designation":"Software Engineer IV","salary":7404.37},
    {"firstname":"Amata","lastname":"Pitfield","email":"apitfield1w@china.com.cn","gender":"Female","city":"Sukamulya","designation":"Librarian","salary":8824.43},
    {"firstname":"Jeremiah","lastname":"Craig","email":"jcraig1x@hostgator.com","gender":"Female","city":"Lecong","designation":"Staff Scientist","salary":4082.74},
    {"firstname":"Pearla","lastname":"Rickwood","email":"prickwood1y@time.com","gender":"Female","city":"Depapre","designation":"Clinical Specialist","salary":4623.56},
    {"firstname":"Averil","lastname":"Bottle","email":"abottle1z@meetup.com","gender":"Male","city":"Banamba","designation":"Research Nurse","salary":9598.10},
    {"firstname":"Lyda","lastname":"McCrae","email":"lmccrae20@gnu.org","gender":"Female","city":"Mandal","designation":"Engineer I","salary":4330.43},
    {"firstname":"Lindie","lastname":"Winterscale","email":"lwinterscale21@infoseek.co.jp","gender":"Female","city":"Guamal","designation":"Electrical Engineer","salary":2588.40},
    {"firstname":"Mellisa","lastname":"Kliemke","email":"mkliemke22@cnn.com","gender":"Male","city":"Khodasy","designation":"Engineer IV","salary":7648.84},
    {"firstname":"Corinna","lastname":"Fowells","email":"cfowells23@fema.gov","gender":"Female","city":"Łapanów","designation":"Engineer III","salary":7579.72},
    {"firstname":"Miguel","lastname":"Rudall","email":"mrudall24@google.nl","gender":"Male","city":"Tarrafal","designation":"Human Resources Manager","salary":898.01},
    {"firstname":"Ronni","lastname":"Hourican","email":"rhourican25@indiegogo.com","gender":"Female","city":"Sevlievo","designation":"Internal Auditor","salary":7656.82},
    {"firstname":"Katee","lastname":"Van Dalen","email":"kvandalen26@phpbb.com","gender":"Female","city":"Tīkāpur","designation":"Nurse","salary":9254.84},
    {"firstname":"Luce","lastname":"Duckitt","email":"lduckitt27@tiny.cc","gender":"Male","city":"Xingguo","designation":"VP Accounting","salary":5177.48},
    {"firstname":"Aron","lastname":"Gwyneth","email":"agwyneth28@techcrunch.com","gender":"Male","city":"Banjar Danginsema","designation":"Assistant Professor","salary":6340.35},
    {"firstname":"Hayyim","lastname":"Carryer","email":"hcarryer29@t.co","gender":"Male","city":"Kudang","designation":"Professor","salary":1070.57},
    {"firstname":"Dimitri","lastname":"Tockell","email":"dtockell2a@printfriendly.com","gender":"Female","city":"Tharyarwady","designation":"Editor","salary":8206.48},
    {"firstname":"Nissa","lastname":"Muress","email":"nmuress2b@myspace.com","gender":"Female","city":"Kudang","designation":"Nurse Practicioner","salary":1299.35},
    {"firstname":"Dyanna","lastname":"Satterly","email":"dsatterly2c@imdb.com","gender":"Male","city":"Kut Chum","designation":"Programmer Analyst I","salary":9918.48},
    {"firstname":"Kacey","lastname":"Krzyzowski","email":"kkrzyzowski2d@ed.gov","gender":"Male","city":"Terra Chã","designation":"Tax Accountant","salary":9147.79},
    {"firstname":"Madeleine","lastname":"Clayson","email":"mclayson2e@noaa.gov","gender":"Male","city":"Phú Thái","designation":"Pharmacist","salary":3161.74},
    {"firstname":"Vassili","lastname":"Shoveller","email":"vshoveller2f@rambler.ru","gender":"Female","city":"Galamares","designation":"Human Resources Manager","salary":6923.31},
    {"firstname":"Mabelle","lastname":"Conachy","email":"mconachy2g@odnoklassniki.ru","gender":"Male","city":"Rudky","designation":"VP Product Management","salary":9202.93},
    {"firstname":"Lion","lastname":"Patnelli","email":"lpatnelli2h@prnewswire.com","gender":"Male","city":"San Miguel","designation":"Computer Systems Analyst I","salary":1143.27},
    {"firstname":"Carie","lastname":"Redsull","email":"credsull2i@phoca.cz","gender":"Male","city":"Kampong Speu","designation":"Financial Advisor","salary":422.68},
    {"firstname":"Jephthah","lastname":"Hudson","email":"jhudson2j@wikia.com","gender":"Female","city":"Ganyesa","designation":"Health Coach II","salary":455.56},
    {"firstname":"Ali","lastname":"Flacke","email":"aflacke2k@sogou.com","gender":"Male","city":"Artsvanist","designation":"Software Engineer I","salary":6346.66},
    {"firstname":"Eudora","lastname":"Pybworth","email":"epybworth2l@wufoo.com","gender":"Male","city":"Berlin","designation":"Librarian","salary":18.28},
    {"firstname":"Sondra","lastname":"Glas","email":"sglas2m@ovh.net","gender":"Male","city":"Tsalgar","designation":"Senior Editor","salary":5629.10},
    {"firstname":"Jesse","lastname":"Mattack","email":"jmattack2n@hud.gov","gender":"Female","city":"Yupiltepeque","designation":"Community Outreach Specialist","salary":2973.24},
    {"firstname":"Ives","lastname":"Clyma","email":"iclyma2o@yale.edu","gender":"Female","city":"Paris 11","designation":"Analyst Programmer","salary":634.01},
    {"firstname":"Glenn","lastname":"Clair","email":"gclair2p@fc2.com","gender":"Female","city":"Daraitan","designation":"Senior Cost Accountant","salary":1783.04},
    {"firstname":"Louis","lastname":"Lowdwell","email":"llowdwell2q@statcounter.com","gender":"Female","city":"Elbasan","designation":"Assistant Professor","salary":5682.65},
    {"firstname":"Enriqueta","lastname":"Sinderland","email":"esinderland2r@drupal.org","gender":"Female","city":"Klang","designation":"Analog Circuit Design manager","salary":9965.66}
]